department,adopted_amount,fiscal_year
Asset Management,1389880.0,2008
City Attorney,7082703.0,2008
City Auditor,2595255.0,2008
City Clerk,1896905.0,2008
City Manager,2436531.0,2008
Communication & Public Affairs,1026145.0,2008
Community Initiatives,23310324.0,2008
Contract Services,1390782.0,2008
Customer Service & 311 System,3647705.0,2008
Downtown Operations,8184155.0,2008
Economic Development,2741493.0,2008
Finance,7181160.0,2008
Fire,203119222.0,2008
Health,18296083.0,2008
Human Resources,4435245.0,2008
Intergovernmental Relations,1220078.0,2008
International Affairs,590299.0,2008
Library,28439777.0,2008
Mayor and Council,4396400.0,2008
Municipal Courts,11384083.0,2008
Municipal Elections,35000.0,2008
Neighborhood Services,10587574.0,2008
Parks and Recreation,55567644.0,2008
Police,290099840.0,2008
Public Works,12273780.0,2008
Agencies,8361465.0,2008
Non-Departmental/Non-Operating,44961689.0,2008
One-Time Projects,3459998.0,2008
Emergency Medical Services,37055546.0,2008
Streets Maintenance & Improvement,59537574.0,2008
Animal Care,5889384.0,2008
Other Transfers,32594862.0,2008
TOTAL APPROPRIATIONS,852549322.0,2008
ENDING BALANCE,22709154.0,2008
(0) Contract Services,-1411229.0,2008
0 Emergency Medical Services,-35395721.0,2008
Code Compliance,6481639.0,2008
Communications & Public Affairs,1026145.0,2008
Development Services,15701733.0,2008
Downtown Operations 0,8184155.0,2008
Housing & Neighborhood Services,10587574.0,2008
Planning & Community Development,2722457.0,2008
Public Utilities Office,684047.0,2008
Street Maintenance,59537574.0,2008
Asset Management,1391955.0,2009
City Attorney,7201653.0,2009
City Auditor,3045753.0,2009
City Clerk,2260568.0,2009
City Manager,2598223.0,2009
Communication & Public Affairs,1037725.0,2009
Community Initiatives,23019918.0,2009
Customer Service & 311 System,3715139.0,2009
Downtown Operations,9757769.0,2009
Economic Development,2799762.0,2009
Finance,7532846.0,2009
Fire,218949840.0,2009
Health,14578344.0,2009
Housing & Neighborhood Services,11167695.0,2009
Human Resources,4782738.0,2009
Intergovernmental Relations,1215008.0,2009
International Affairs,583836.0,2009
Library,29885833.0,2009
Mayor and Council,4606427.0,2009
Municipal Courts,10707611.0,2009
Municipal Elections,2800000.0,2009
Parks and Recreation,58843340.0,2009
Police,313371197.0,2009
Public Works,14152938.0,2009
Agencies,7395046.0,2009
Non-Departmental/Non-Operating,55012485.0,2009
One-Time Projects,4545217.0,2009
Streets Maintenance & Improvement,65066340.0,2009
Animal Care,7994069.0,2009
Other Transfers,39615826.0,2009
TOTAL APPROPRIATIONS,67196529.0,2009
ENDING BALANCE $ 0,63546783.0,2009
Neighborhood Services,11167695.0,2009
Contract Services,1040273.0,2009
Emergency Medical Services,37055546.0,2009
ENDING BALANCE,63546783.0,2009
Beginning Balance,12000.0,2009
Adjustment for Reserve,-2600000.0,2009
Net Balance,12000.0,2009
Rental of Facility,1082717.0,2009
Maintenance of Facility,274673.0,2009
Recovery of Prior Year Expenditures 0 0,18395.0,2009
Interest on Time Deposits,1050698.0,2009
Total Revenues and Transfers,1369537.0,2009
Personal Services $ 3,126100.0,2009
Contractual Services 2,163821.0,2009
Commodities 6,25650.0,2009
Self Insurance/Other Expenditures 3,664573.0,2009
Capital Outlay 0 0,1160.0,2009
Subtotal Operating,29462210.0,2009
Public Improvement District 1,13263.0,2009
Improvement & Contingency 6,359054.0,2009
OPERATING RESERVE,84007.0,2009
BeginninginFY,1998.0,2009
Recovery of Prior Year Expenditures,25182.0,2009
Contribution from VIA,288491.0,2009
Contribution from Other Agencies,445284.0,2009
Transfer from Certificates of Obligation,3245680.0,2009
Transfer from Better Jobs Fund,1000000.0,2009
Transfer from Equipment and Renewal,488562.0,2009
Transfer from Environmental Services 0,800000.0,2009
Misc. Revenues,1253.0,2009
Transfer from Advanced Transportation District,1400000.0,2009
Total Revenue & Transfers,67205529.0,2009
Personal Services,11372083.0,2009
Contractual Services,3048959.0,2009
Commodities,7648774.0,2009
Self Insurance/Other Expenditures,7314394.0,2009
Capital Outlay,78000.0,2009
Contractual Street Repair - Prior Year,21520429.0,2009
Contractual NAMP 0,2000000.0,2009
Capital Improvement Management Services 0,459337.0,2009
Subtotal Transfers,37734319.0,2009
Animal Care 1 $ 0$ 0 0,158903.0,2010
City Attorney,6953006.0,2010
City Auditor,2772436.0,2010
City Clerk,2073712.0,2010
City Manager,2860781.0,2010
Communication & Public Affairs,1032892.0,2010
Community Initiatives,26371958.0,2010
Customer Service & 311 System,3652770.0,2010
Downtown Operations,8997762.0,2010
Economic Development,1891118.0,2010
Finance,7013194.0,2010
Fire,224597612.0,2010
Health,12192123.0,2010
Housing & Neighborhood Services,10536913.0,2010
Human Resources,3850741.0,2010
Intergovernmental Relations,920005.0,2010
International Affairs,495641.0,2010
Library,29124445.0,2010
Mayor and Council,4452917.0,2010
Municipal Courts,11504434.0,2010
Municipal Elections,42660.0,2010
Parks and Recreation,56711474.0,2010
Police,318181048.0,2010
Public Works,64174330.0,2010
Agencies,7356758.0,2010
Non-Departmental/Non-Operating,49221153.0,2010
One-Time Projects,1179998.0,2010
Animal Care 1,7411433.0,2010
Streets Maintenance & Improvement 1,45957614.0,2010
Other Transfers,19221471.0,2010
TOTAL APPROPRIATIONS,887077240.0,2010
ENDING BALANCE,53666076.0,2010
Animal Care,7516035.0,2010
Neighborhood Services,10536913.0,2010
0 Animal Care,-7060821.0,2010
0 Streets Maintenance & Improvement,-48372249.0,2010
Animal Care 1 $ 0$ 0$ 0,7516035.0,2010
Asset Management 2,1417794.0,2010
Animal Care,1161957.0,2011
Center City Development 0 0 0,4684537.0,2011
City Attorney,7187771.0,2011
City Auditor,2862832.0,2011
City Clerk,2053288.0,2011
City Manager,2890643.0,2011
Code Enforcement Services,11217489.0,2011
Communication & Public Affairs,1193584.0,2011
Community Initiatives,19006550.0,2011
Customer Service & 311 System,3788692.0,2011
Downtown Operations,7497280.0,2011
Finance,7467990.0,2011
Fire,232505207.0,2011
Health,11635806.0,2011
Human Resources,4196872.0,2011
Intergovernmental Relations,1067183.0,2011
International & Economic Development,2409081.0,2011
Library,32629437.0,2011
Mayor and Council,5087786.0,2011
Municipal Court,12563742.0,2011
Municipal Elections,1634653.0,2011
Parks and Recreation,59237713.0,2011
Police,334041377.0,2011
Public Works,65181961.0,2011
Agencies,17547610.0,2011
Non-Departmental/Non-Operating,50118607.0,2011
One-Time Projects,1229998.0,2011
Other Transfers,14207610.0,2011
TOTAL APPROPRIATIONS,926845900.0,2011
ENDING BALANCE,51018285.0,2011
Center City Development,5294294.0,2011
Municipal Courts,12563742.0,2011
Animal Care $ 0,8618366.0,2011
Center City Development 1 0 0 0,5294294.0,2011
International Affairs,543281.0,2011
Animal Care 2,7411433.0,2011
Streets Maintenance & Improvement 2,45957614.0,2011
Animal Care,9446275.0,2012
Center City Development,1437751.0,2012
City Attorney,7126994.0,2012
City Auditor,2827485.0,2012
City Clerk,2087044.0,2012
City Manager,3009803.0,2012
Code Enforcement Services1,11274453.0,2012
Communication & Public Affairs,1215527.0,2012
Customer Service & 311 Systems,3884724.0,2012
Downtown Operations,7426346.0,2012
Economic Development,2426501.0,2012
Finance,7581226.0,2012
Fire,239301236.0,2012
Health,11399925.0,2012
Human Resources,3735999.0,2012
Human Services,18666534.0,2012
Intergovernmental Relations,1001378.0,2012
Library,33301105.0,2012
Mayor & Council,5360857.0,2012
Municipal Court,12640899.0,2012
Municipal Elections,1412016.0,2012
Parks & Recreation,59316850.0,2012
Police,342651720.0,2012
Public Works,64909647.0,2012
Agencies,18067099.0,2012
Non-Departmental/Non-Operating,49814046.0,2012
One-Time Projects,5399998.0,2012
Transfers,18862062.0,2012
TOTAL APPROPRIATIONS,948175649.0,2012
Center City Development 0,1437751.0,2012
ENDING BALANCE,63021866.0,2012
Animal Care,10914929.0,2013
Center City Development,1260420.0,2013
City Attorney,7505372.0,2013
City Auditor,2711570.0,2013
City Clerk,2772877.0,2013
City Manager,3139096.0,2013
Code Enforcement Services,11422978.0,2013
Communication & Public Affairs,1245599.0,2013
Customer Service & 311 Systems,3344269.0,2013
Downtown Operations,6048750.0,2013
Economic Development,2417100.0,2013
Finance,8065339.0,2013
Fire,251216885.0,2013
Health,11123357.0,2013
Human Resources,3833012.0,2013
Human Services,18864942.0,2013
Intergovernmental Relations,1191799.0,2013
Library,33393899.0,2013
Mayor & Council,6068180.0,2013
Municipal Court,13157312.0,2013
Municipal Elections,1494247.0,2013
Parks & Recreation,59001992.0,2013
Police,360382596.0,2013
Public Works,63404276.0,2013
Agencies,19463557.0,2013
Non-Departmental/Non-Operating,49327233.0,2013
One-Time Projects,5794280.0,2013
Transfers,18369893.0,2013
TOTAL APPROPRIATIONS,979616804.0,2013
ENDING BALANCE,19231379.0,2013
Animal Care,11260809.0,2014
Center City Development,1376902.0,2014
City Attorney,7255077.0,2014
City Auditor,2823953.0,2014
City Clerk,2919010.0,2014
City Manager,3248310.0,2014
Code Enforcement Services,11536415.0,2014
Communication & Public Affairs,4378268.0,2014
Customer Service & 311 Systems,28604.0,2014
Downtown Operations,6141101.0,2014
Economic Development,3449853.0,2014
Finance,8166564.0,2014
Fire,262795420.0,2014
Health,11262363.0,2014
Historic Preservation,1032361.0,2014
Human Resources,4101671.0,2014
Human Services,19449256.0,2014
Intergovernmental Relations,1106357.0,2014
Library,33614717.0,2014
Mayor & Council,6064886.0,2014
Municipal Court,13554805.0,2014
Municipal Elections,85500.0,2014
Parks & Recreation,56621431.0,2014
Planning,2794770.0,2014
Police,381508357.0,2014
Public Works,54399251.0,2014
Agencies,18651402.0,2014
Non-Departmental/Non-Operating,38968086.0,2014
One-Time Projects,7432562.0,2014
Transfers,9453618.0,2014
TOTAL APPROPRIATIONS,988257072.0,2014
ENDING BALANCE,28219219.0,2014
0Customer Service & 311 Systems,-3426278.0,2014
Customer Service & 311 Systems1,3334368.0,2014
Historic Preservation2,1032361.0,2014
Planning & Community Development3,2794770.0,2014
Animal Care,11654953.0,2015
Center City Development and Operations,7982723.0,2015
City Attorney,7422364.0,2015
City Auditor,2854706.0,2015
City Clerk,3346141.0,2015
City Manager,3228132.0,2015
Code Enforcement Services,11865325.0,2015
Communication & Public Affairs,5041778.0,2015
Downtown Operations,6141101.0,2015
Eastpoint Office,1661335.0,2015
Economic Development,3358134.0,2015
Finance,10444081.0,2015
Fire,276269449.0,2015
Health,11769408.0,2015
Historic Preservation,1589871.0,2015
Human Resources,5045306.0,2015
Human Services,18978390.0,2015
Intergovernmental Relations,1554381.0,2015
Library,34949204.0,2015
Mayor & Council,6298686.0,2015
Municipal Court,14059776.0,2015
Municipal Elections,1894293.0,2015
Parks & Recreation,44650789.0,2015
Planning,2999628.0,2015
Police,401510559.0,2015
Parks Police,12957090.0,2015
Agencies,18946415.0,2015
Non-Departmental/Non-Operating,42885415.0,2015
One-Time Projects,5297810.0,2015
Transfers,8006345.0,2015
Animal Care,12538983.0,2016
Center City Development,16487244.0,2016
City Attorney,8242623.0,2016
City Auditor,2915668.0,2016
City Clerk,3446923.0,2016
City Manager,3179198.0,2016
Code Enforcement Services,14478535.0,2016
Eastpoint Office,589663.0,2016
Economic Development,9172164.0,2016
Finance,11625382.0,2016
Fire,291247077.0,2016
Government & Public Affairs,7070503.0,2016
Health,12427282.0,2016
Historic Preservation,1560838.0,2016
Human Resources,5842752.0,2016
Human Services,19388587.0,2016
Intergovernmental Relations,1548840.0,2016
Library,37711983.0,2016
Mayor & Council,7026705.0,2016
Municipal Court,13901811.0,2016
Municipal Elections,84811.0,2016
Parks & Recreation,47344163.0,2016
Planning,3581574.0,2016
Police,425037118.0,2016
Parks Police,13909439.0,2016
Agencies,19027505.0,2016
Non-Departmental/Non-Operating,25510697.0,2016
One-Time Projects,5721253.0,2016
Transfers,2405138.0,2016
TOTAL APPROPRIATIONS,4474138.0,2016
Reserve for Street Maintenance,8528920.0,2016
Total Financial Reserves as % of Revenues,109629873.0,2016
Center City Development and Operations,16487244.0,2016
Downtown Operations,6276784.0,2016
Government and Public Affairs,7070503.0,2016
Reserve for Street Maintenance 0 0,8528920.0,2016
Animal Care,13936260.0,2017
Center City Development,17809774.0,2017
City Attorney,8467232.0,2017
City Auditor,2995344.0,2017
City Clerk,3706846.0,2017
City Manager,3465296.0,2017
Code Enforcement Services,14807242.0,2017
Eastpoint Office,795474.0,2017
Economic Development,10365082.0,2017
Finance,12088387.0,2017
Fire,308338935.0,2017
Government & Public Affairs,7745954.0,2017
Health,12965159.0,2017
Historic Preservation,1795630.0,2017
Human Resources,6258284.0,2017
Human Services,21754970.0,2017
Library,39810054.0,2017
Mayor & Council,8132451.0,2017
Municipal Court,11002798.0,2017
Municipal Elections 8,1212865.0,2017
Parks & Recreation,49828822.0,2017
Planning,5288529.0,2017
Police,427846588.0,2017
Parks Police,15043782.0,2017
Agencies,19365505.0,2017
Non-Departmental/Non-Operating,19554411.0,2017
Transfers,2659896.0,2017
TOTAL APPROPRIATIONS,5205273.0,2017
Innovation,955074.0,2017
Municipal Detention Center,3439539.0,2017
Municipal Elections,1212865.0,2017
Total Financial Reserves as % of Revenues,113529042.0,2017
Intergovernmental Relations,1538550.0,2017
One-Time Projects,6620018.0,2017
Reserve for Street Maintenance,8528920.0,2017
Animal Care,14736298.0,2018
Center City Development & Operations,18934907.0,2018
City Attorney,8685494.0,2018
City Auditor,3083665.0,2018
City Clerk,3963942.0,2018
City Manager,3980351.0,2018
Code Enforcement,15298012.0,2018
311 Customer Service,3024276.0,2018
Eastpoint Office,976322.0,2018
Economic Development,1473438.0,2018
Finance,12343899.0,2018
Fire,318965049.0,2018
Government & Public Affairs,5025580.0,2018
Health,13666347.0,2018
Historic Preservation,1934484.0,2018
Human Resources,6578905.0,2018
Human Services,22198709.0,2018
Innovation,1052045.0,2018
Library,40450025.0,2018
Mayor & Council,9180674.0,2018
Municipal Court,11403690.0,2018
Municipal Detention Center,3899909.0,2018
Municipal Elections,85674.0,2018
Parks & Recreation,51024760.0,2018
Planning,4328058.0,2018
Police,442310547.0,2018
Parks Police,15580097.0,2018
Agencies,19270505.0,2018
Non-Departmental/Non-Operating,19800648.0,2018
Transfers,2480575.0,2018
TOTAL APPROPRIATIONS,68959680.0,2018
Neighborhood and Housing Services,2938677.0,2018
Outside Agencies,19570505.0,2018
Non-Departmental,19911067.0,2018
Total Financial Reserves as % of Revenues,118226019.0,2018
Animal Care $ 1,4736298.0,2018
Center City Development & Operations 1,8934907.0,2018
Code Enforcement Services 1,5298012.0,2018
Finance 1,2343899.0,2018
Fire 2,18965049.0,2018
Health 1,3666347.0,2018
Human Services 1,2198709.0,2018
Library 3,450025.0,2018
Municipal Court 1,1403690.0,2018
Parks & Recreation 4,1024760.0,2018
Police 4,42310547.0,2018
Parks Police 1,5580097.0,2018
Agencies 1,9570505.0,2018
Non-Departmental/Non-Operating 2,9911067.0,2018
One-time Projects,245453.0,2018
Release of Reserve for Grand Hyatt Debt,2385121.0,2018
Adjustment for Reserve,-1205160.0,2018
Net Balance,2385121.0,2018
Hotel Occupancy Tax,68903922.0,2018
State HOT Tax Reimbursement,514284.0,2018
Miscellaneous Revenue,133513.0,2018
Total Revenue & Transfers,69037435.0,2018
Contributions to Other Agencies (VSA) $ 0,23339889.0,2018
Community & Visitor Facilities Fund,19037315.0,2018
Convention & Visitors Bureau Fund,21637745.0,2018
Arts & Culture Fund,10002809.0,2018
Support for History and Preservation,10002809.0,2018
Contractual Obligations (Zoo),306597.0,2018
Visitor Information Center Fund,4398.0,2018
HOT Redemption & Capital Fund 0,707604.0,2018
Improvement & Contingency Fund 0 0,163253.0,2018
Debt Service Fund (Debt),2218525.0,2018
Debt Service Funds (Surplus),4266599.0,2018
Tricentennial Fund 0,1316149.0,2018
Subtotal Transfers,45619791.0,2018
RESERVE FOR GRAND HYATT DEBT,2462876.0,2018
Animal Care,15537886.0,2019
Center City Development & Operations,18748649.0,2019
City Attorney,8904276.0,2019
City Auditor,3128302.0,2019
City Clerk,4128888.0,2019
City Manager,4063501.0,2019
Code Enforcement,15570287.0,2019
311 Customer Service,3174628.0,2019
Eastpoint Office,716483.0,2019
Economic Development,11914487.0,2019
Finance,12727395.0,2019
Fire,321572076.0,2019
Government & Public Affairs,6148872.0,2019
Health,14079906.0,2019
Historic Preservation,2084863.0,2019
Human Resources,6864443.0,2019
Human Services,22888063.0,2019
Innovation,1269950.0,2019
Library,42091588.0,2019
Mayor & Council,10183993.0,2019
Municipal Court,11517514.0,2019
Municipal Detention Center,4327282.0,2019
Municipal Elections,1891241.0,2019
Neighborhood and Housing Services,12531949.0,2019
Parks & Recreation,52958658.0,2019
Planning,5040230.0,2019
Police,456335077.0,2019
Parks Police,16502031.0,2019
Agencies,19270505.0,2019
Non-Departmental/Non-Operating,19308602.0,2019
Transfers,2555774.0,2019
TOTAL APPROPRIATIONS,2403006.0,2019
- Eastpoint Office,-716483.0,2019
Outside Agencies,19405505.0,2019
Non-Departmental,19956995.0,2019
Total Financial Reserves as % of Revenues,122923652.0,2019
Animal Care $ 1,5537886.0,2019
Center City Development & Operations 1,8748649.0,2019
City Attorney 8,904276.0,2019
City Auditor 2,128302.0,2019
City Clerk 3,128888.0,2019
City Manager 3,63501.0,2019
Code Enforcement Services 1,5570287.0,2019
311 Customer Service 2,174628.0,2019
Eastpoint Office 8,74052.0,2019
Economic Development 1,1914487.0,2019
Finance 1,2727395.0,2019
Fire 3,21572076.0,2019
Government & Public Affairs 4,148872.0,2019
Health 1,4079906.0,2019
Historic Preservation 1,84863.0,2019
Human Resources 6,864443.0,2019
Human Services 2,2888063.0,2019
Innovation 9,269950.0,2019
Library 3,2091588.0,2019
Mayor & Council 7,183993.0,2019
Municipal Court 1,1517514.0,2019
Municipal Detention Center 3,327282.0,2019
Municipal Elections 1,891241.0,2019
Neighborhood and Housing Services 0 2,2531949.0,2019
Parks & Recreation 4,2958658.0,2019
Planning 4,40230.0,2019
Police 4,56335077.0,2019
Parks Police 1,6502031.0,2019
Agencies 1,9405505.0,2019
Non-Departmental/Non-Operating 1,9956995.0,2019
Transfers 2,555774.0,2019
Animal Care,16021241.0,2020
Center City Development & Operations,19027446.0,2020
City Attorney,8786298.0,2020
City Auditor,3142543.0,2020
City Clerk,4384413.0,2020
City Manager,3987739.0,2020
Code Enforcement Services,14864633.0,2020
311 Customer Service,3197649.0,2020
Economic Development,11821186.0,2020
Finance,12806500.0,2020
Fire,323807082.0,2020
Government & Public Affairs,5818432.0,2020
Health,15679071.0,2020
Historic Preservation,2118001.0,2020
Human Resources,6985758.0,2020
Human Services,23848134.0,2020
Innovation,1399570.0,2020
Library,42860815.0,2020
Mayor & Council,11425321.0,2020
Municipal Court,12111590.0,2020
Municipal Detention Center,4376926.0,2020
Municipal Elections,964344.0,2020
Neighborhood and Housing Services,12798694.0,2020
Parks & Recreation,51882612.0,2020
Planning,5382153.0,2020
Police,479091284.0,2020
Parks Police,17377580.0,2020
Agencies,21373171.0,2020
Non-Departmental/Non-Operating,21707508.0,2020
Transfers,2627079.0,2020
TOTAL APPROPRIATIONS,74956214.0,2020
Reserve for Impact of Senate Bill 2,2000356.0,2020
Eastpoint Office,930272.0,2020
Reserve for Impact of Senate Bill 2 0 0 0,2000356.0,2020
Release of Reserve for Grand Hyatt Debt,2680701.0,2020
Adjustment for Reserve,1194240.0,2020
Net Balance,2680701.0,2020
Hotel Occupancy Tax,74742248.0,2020
State Reimbursement,1866536.0,2020
Miscellaneous Revenue,308508.0,2020
Total Revenue & Transfers,75050756.0,2020
Contributions to Other Agencies (VSA),24987287.0,2020
Community & Visitor Facilities Fund,20903465.0,2020
Arts & Culture Fund,10708837.0,2020
Support for History and Preservation,10708837.0,2020
Contractual Obligations (Zoo),306597.0,2020
Alamodome I&C Fund 0,500000.0,2020
Lease Payment Fund,4598766.0,2020
Tricentennial Fund,90215.0,2020
Other Transfers,23971.0,2020
Subtotal Transfers,49968927.0,2020
RESERVE FOR GRAND HYATT DEBT,2775243.0,2020
Animal Care,-313115.0,2021
Center City Development & Operations,-5892391.0,2021
City Attorney,9400494.0,2021
City Auditor,3145066.0,2021
City Clerk,4580155.0,2021
City Manager,3880546.0,2021
Code Enforcement Services,-575374.0,2021
311 Customer Service,2956541.0,2021
Economic Development,11396583.0,2021
Finance,-685414.0,2021
Fire,2918304.0,2021
Government & Public Affairs,6286009.0,2021
Health,20319897.0,2021
Historic Preservation,2237352.0,2021
Human Resources,6681985.0,2021
Human Services,24095269.0,2021
Innovation,1740427.0,2021
Library,-2255620.0,2021
Mayor & Council,1742557.0,2021
Municipal Court,-123139.0,2021
Municipal Detention Center,4391497.0,2021
Municipal Elections,1844748.0,2021
Neighborhood and Housing Services,17354730.0,2021
Parks & Recreation,-2273982.0,2021
Planning,3850408.0,2021
Police,486506918.0,2021
Parks Police,-414190.0,2021
Public Works,99868072.0,2021
Agencies,20224602.0,2021
Non-Departmental/Non-Operating,-1173620.0,2021
Transfers,5795839.0,2021
TOTAL APPROPRIATIONS,48102417.0,2021
Reserve for Impact of SB2,356.0,2021
Reserve for COPS Grant 3,0.0,2021
ENDING BALANCE,474025.0,2021
Reserve for COPS Grant,3000000.0,2021
Animal Care $ 1,6135041.0,2021
Center City Development & Operations 1,4224037.0,2021
Code Enforcement Services 1,4487477.0,2021
Economic Development 1,1396583.0,2021
Finance 1,3265552.0,2021
Fire 3,23072521.0,2021
Health 1,319897.0,2021
Human Services 2,4095269.0,2021
Library 4,2151003.0,2021
Municipal Court 1,2126614.0,2021
Neighborhood and Housing Services 1,7354730.0,2021
Parks & Recreation 5,291634.0,2021
Police 4,86506918.0,2021
Parks Police 1,7401136.0,2021
Public Works 1,9868072.0,2021
Transportation 0 0 0,1973539.0,2021
Agencies 1,224602.0,2021
Non-Departmental/Non-Operating 2,1016181.0,2021
TOTAL APPROPRIATIONS $ 1,287347241.0,2021
Reserve for Impact of SB2 0,2000356.0,2021
Reserve for COPS Grant 0 0,3000000.0,2021
ENDING BALANCE $ 1,474025.0,2021
Release of Reserve for Grand Hyatt Debt,2303115.0,2021
Adjustment for Reserve,1800.0,2021
Net Balance,2303115.0,2021
Hotel Occupancy Tax,47956157.0,2021
State Reimbursement,1330481.0,2021
Miscellaneous Revenue,146260.0,2021
Transfer from Operating Contingency Fund 0,7500000.0,2021
Transfer from Redemption and Capital Fund 0,6009419.0,2021
Total Revenue & Transfers,48102417.0,2021
Contributions to Other Agencies (VSA),15132240.0,2021
Community & Visitor Facilities Fund,12152687.0,2021
Arts & Culture Fund,6485246.0,2021
Support for History and Preservation,6485246.0,2021
Contractual Obligations (Zoo),306597.0,2021
Alamodome I&C Fund,500000.0,2021
Lease Payment Fund,4721185.0,2021
Tricentennial Fund,67599.0,2021
Subtotal Transfers,32970177.0,2021
RESERVE FOR GRAND HYATT DEBT,2303115.0,2021
Animal Care,18497776.0,2022
Center City Development and Operations,17420257.0,2022
City Attorney,10244011.0,2022
City Auditor,3353796.0,2022
City Clerk,4762042.0,2022
City Manager,3853538.0,2022
Code Enforcement Services,15451426.0,2022
311 Customer Service,3735217.0,2022
"Diversity, Equity, and Inclusion Office 0 0",40000.0,2022
Economic Development,10945971.0,2022
Finance,13785901.0,2022
Fire,339676310.0,2022
Government and Public Affairs,6643953.0,2022
Health,25193558.0,2022
Historic Preservation,2581159.0,2022
Human Resources,7218433.0,2022
Human Services,28937662.0,2022
Innovation,1856459.0,2022
Library,44235604.0,2022
Mayor and Council,12868577.0,2022
Municipal Court,12999965.0,2022
Municipal Detention Center,4589013.0,2022
Municipal Elections,849891.0,2022
Neighborhood and Housing Services,18628418.0,2022
Parks and Recreation,54178215.0,2022
Planning,4563445.0,2022
Police,501294814.0,2022
Parks Police,18899735.0,2022
Public Works,104686129.0,2022
Transportation,7350070.0,2022
Agencies,23252890.0,2022
Non-Departmental/Non-Operating,26930789.0,2022
Transfers,2789114.0,2022
TOTAL APPROPRIATIONS,91058761.0,2022
Reserve for COPS Grant,2600000.0,2022
NET ENDING BALANCE,4513032.0,2022
"Diversity, Equity, and Inclusion Office",2192217.0,2022
Reserve for Health Strategic Growth Plan,2000000.0,2022
"Diversity, Equity and Inclusion Office 0 0 0",2192217.0,2022
Transportation 0,7350070.0,2022
Transfer to Recovery and Resiliency Pillars,67209885.0,2022
Workforce Development,5000000.0,2022
Small Business,26877546.0,2022
Digital Inclusion,4920000.0,2022
Reserve for Impact of SB2,2000356.0,2022
Reserve for Health Strategic Growth Plan 0 0 0,2000000.0,2022
Release of Reserve for Debt Restrictions,943439.0,2022
Net Balance,943439.0,2022
Hotel Occupancy Tax,55320967.0,2022
Miscellaneous Revenue,166165.0,2022
Transfer from American Rescue Plan 0 0,35603945.0,2022
Transfer from Operating Contingency Fund,7500000.0,2022
Transfer from Redemption and Capital Fund,6009419.0,2022
Total Revenues and Transfers,91091077.0,2022
Contributions to Other Agencies (VSA),17709924.0,2022
Subtotal Operating,17709924.0,2022
Community and Visitor Facilities Fund,28997479.0,2022
Arts and Culture Fund,7589968.0,2022
Support for History and Preservation,7589968.0,2022
Contractual Obligations (Zoo),306597.0,2022
Alamodome I&C Fund 0 0 0,1000000.0,2022
Convention Center I&C Fund 0 0 0,1000000.0,2022
Operating Contingency Fund 0 0,7500000.0,2022
Redemption and Capital Fund 0 0 0,19693927.0,2022
Lease Payment Fund,4721184.0,2022
Subtotal Transfers,73348837.0,2022
RESERVE FOR DEBT RESTRICTIONS $ 0 $ 0 $ 0,975755.0,2022
NET ENDING BALANCE $ 0,-8248081.0,2022
Animal Care,21359311.0,2023
Center City Development and Operations,14198050.0,2023
City Attorney,11204297.0,2023
City Auditor,3419776.0,2023
City Clerk,5192697.0,2023
City Manager,3982192.0,2023
Code Enforcement Services,16526727.0,2023
Communications and Engagement,5374179.0,2023
311 Customer Service,4352820.0,2023
"Diversity, Equity, and Inclusion Office",3101078.0,2023
Economic Development,14030185.0,2023
Finance,15046014.0,2023
Fire,354534133.0,2023
Government Affairs,1709414.0,2023
Health,34650872.0,2023
Historic Preservation,2823020.0,2023
Human Resources,8190746.0,2023
Human Services,33781422.0,2023
Innovation,2045682.0,2023
Library,49143996.0,2023
Mayor and Council,14349367.0,2023
Military and Veterans Affairs,750718.0,2023
Municipal Court,13616769.0,2023
Municipal Detention Center,4784776.0,2023
Municipal Elections,1785263.0,2023
Neighborhood and Housing Services,25122871.0,2023
Parks and Recreation,62132476.0,2023
Planning,4324077.0,2023
Police,529378290.0,2023
Parks Police,20849732.0,2023
Public Works,116576072.0,2023
Transportation,2449781.0,2023
Agencies,23664847.0,2023
Non-Departmental/Non-Operating,28462047.0,2023
Contingency,1000000.0,2023
Transfers,53695506.0,2023
TOTAL APPROPRIATIONS,79850755.0,2023
Reserve for COPS Grant,3000000.0,2023
Reserve for Metro Health SA Forward,1211437.0,2023
Reserve for Liability Fund,10000000.0,2023
NET ENDING BALANCE,69901786.0,2023
"Diversity, Equity, and Inclusion Office 0",3101078.0,2023
Contingency 0,1000000.0,2023
Workforce Development,30037944.0,2023
Small Business,4192750.0,2023
TO RECOVERY AND RESILIENCY,34230694.0,2023
Reserve for Metro Health SA Forward 0,1211437.0,2023
Reserve for Economic Incentives,2000000.0,2023
Reserve for Alamo Promise,5164939.0,2023
Reserve for Liability Fund 0,10000000.0,2023
Adjustment for Reserve,1363521.0,2023
Net Balance,1363521.0,2023
Hotel Occupancy Tax,78698813.0,2023
Grand Hyatt Ground Rent 0,459000.0,2023
Miscellaneous Revenue,692942.0,2023
Transfer from American Rescue Plan,261940.0,2023
Total Revenues and Transfers,79850755.0,2023
Contributions to Other Agencies (VSA),25892170.0,2023
Community and Visitor Facilities Fund $ 0,12942750.0,2023
Arts and Culture Fund,11096644.0,2023
Support for History and Preservation,11096644.0,2023
Contractual Obligations (Zoo),306597.0,2023
Alamodome I&C Fund 0,1000000.0,2023
Convention Center I&C Fund 0,1000000.0,2023
Operating Contingency Fund,7500000.0,2023
Redemption and Capital Fund 0,6063092.0,2023
Liability Fund 0,2500000.0,2023
Convention and Sports Facilities Debt 0 0 0,5507647.0,2023
Lease Payment Fund,4721184.0,2023
Subtotal Transfers,53958585.0,2023
Animal Care Services,28481533.0,2024
Center City Development & Operations,15197273.0,2024
City Attorney,11946135.0,2024
City Auditor,3434785.0,2024
City Clerk,5694292.0,2024
City Manager,4251275.0,2024
Code Enforcement Services,17750673.0,2024
Communications & Engagement,176939250.0,2024
311 Customer Service,4995577.0,2024
"Diversity, Equity, Inclusion, & Accessibility",495096347.0,2024
Economic Development,230359392.0,2024
Finance,877379560.0,2024
Fire,373790254.0,2024
Government Affairs,1530505.0,2024
Health,44859141.0,2024
Historic Preservation,774483291.0,2024
Human Resources,80412227.0,2024
Human Services,97356710.0,2024
Innovation,2154548.0,2024
Library,53502787.0,2024
Mayor & Council,15698103.0,2024
Military & Veterans Affairs 6,62541.0,2024
Municipal Court,14580783.0,2024
Municipal Detention Center,5065567.0,2024
Municipal Elections,50882.0,2024
Neighborhood & Housing Services,27035789.0,2024
Parks & Recreation,68624525.0,2024
Planning,5853116.0,2024
Police,572313468.0,2024
Parks Police,20978503.0,2024
Public Works,21150.0,2024
Transportation,2367649.0,2024
Agencies,54159.0,2024
Non-Departmental/Non-Operating,32112520.0,2024
Contingency,1000000.0,2024
Transfers,24854254.0,2024
TOTAL APPROPRIATIONS,12599117.0,2024
Reserve for COPS Grant,3000000.0,2024
Reserve for Metro Health SA Forward,5801144.0,2024
Reserve for Community Safety,3500000.0,2024
Animal Care,28481533.0,2024
Military & Veterans Affairs,762541.0,2024
Contingency 0,1000000.0,2024
Reserve for COPS Grant 2,0.0,2024
Reserve for Metro Health SA Forward 2,298509488.0,2024
Reserve for Community Safety 0 3,3500000.0,2024
Reserve for Economic Incentives 2,0.0,2024
NET ENDING BALANCE,15035461.0,2024
Community Housing Development Organization,236322501.0,2024
Personal Property Vehicle,736270.0,2024
Less TIRZ Tax Increment Collections,45133002.0,2024
Adjustment for Reserve,1363521.0,2024
Net Balance,1363521.0,2024
Hotel Occupancy Tax,83755910.0,2024
Grand Hyatt Ground Rent,483763.0,2024
Miscellaneous Revenue,875443.0,2024
Total Revenues & Transfers,85115116.0,2024
Contributions to Other Agencies (VSA),27552041.0,2024
Subtotal Operating,27552041.0,2024
Community and Visitor Facilities Fund,52536.0,2024
Arts and Culture Fund,249756.0,2024
Support for History and Preservation,37697.0,2024
Contractual Obligations (Zoo),7655649.0,2024
Alamodome I&C Fund,1000000.0,2024
Convention Center I&C Fund,1000000.0,2024
Liability Fund,617286.0,2024
Convention and Sports Facilities Debt 0,24844.0,2024
Lease Payment Fund (Debt),3327.0,2024
Lease Payment Fund (Surplus) 0,98970.0,2024
Subtotal Transfers,725047.0,2024
Accounting Adjustment,200900.0,2024
Transfer from Hotel Occupancy Tax Fund,11808017.0,2024
Transfer from American Rescue Plan,2645193.0,2024
Capital Administrative Charges,741100.0,2024
Other Revenues 361 0,1379.0,2024
Total Revenue & Transfers,12599117.0,2024
Personnel Services,1882692.0,2024
Transfers To Contractual Services,1254640.0,2024
Subtotal Public Art,741100.0,2024
Other Funds,41768.0,2024
Carver,327627.0,2024
Animal Care Services,32349086.0,2025
Arrestee Processing Center,5146033.0,2025
Center City Development & Operations,15484080.0,2025
City Attorney,12571912.0,2025
City Auditor,3460187.0,2025
City Clerk,5899566.0,2025
City Manager,4230111.0,2025
Code Enforcement Services,18631198.0,2025
Communications & Engagement,6078137.0,2025
311 Customer Service,5136160.0,2025
"Diversity, Equity, Inclusion, & Accessibility",3103065.0,2025
Economic Development,15305924.0,2025
Finance,16930905.0,2025
Fire,401464242.0,2025
Government Affairs,1858334.0,2025
Health,50041297.0,2025
Historic Preservation,3470468.0,2025
Human Resources,9650094.0,2025
Human Services,35097184.0,2025
Innovation,1737389.0,2025
Library,54623959.0,2025
Mayor & Council,16813296.0,2025
Military & Veterans Affairs,735923.0,2025
Municipal Court,14828962.0,2025
Municipal Elections,2615411.0,2025
Neighborhood & Housing Services,25169463.0,2025
Parks & Recreation,73919487.0,2025
Planning,4302682.0,2025
Police,601386767.0,2025
Parks Police,24186507.0,2025
Public Works,126484399.0,2025
Transportation,2311957.0,2025
Agencies,24972676.0,2025
Non-Departmental/Non-Operating,31996258.0,2025
Contingency,-1000000.0,2025
Transfers,12662004.0,2025
TOTAL APPROPRIATIONS,89387985.0,2025
Reserve for Metro Health SA Forward,327574.0,2025
Reserve for Community Safety,3080000.0,2025
ENDING BALANCE,22804425.0,2025
Reserve for Fire CBA,7230283.0,2025
Contingency 0,1000000.0,2025
Reserve for COPS Grant,3000000.0,2025
Reserve for Fire CBA 0 0 0,7230283.0,2025
NET ENDING BALANCE,22804425.0,2025
Hotel Occupancy Tax,87882475.0,2025
Grand Hyatt Ground Rent,505128.0,2025
Miscellaneous Revenue,1000382.0,2025
Total Revenues & Transfers,89387985.0,2025
Contribution to Visit San Antonio,28406668.0,2025
Subtotal Operating,28406668.0,2025
Community and Visitor Facilities Fund,18075086.0,2025
Arts and Culture Fund,12174286.0,2025
Support for History and Preservation,12174286.0,2025
Contractual Obligations (Zoo),306597.0,2025
Alamodome Debt,2055982.0,2025
Lease Payment Fund,12956241.0,2025
Subtotal Transfers,60981317.0,2025
Animal Care Services $ 3,-298261.0,2026
Arrestee Processing Center 5,51879.0,2026
Center City Development & Operations 1,-464576.0,2026
City Attorney 1,-264395.0,2026
City Auditor 3,443697.0,2026
City Clerk 5,34885.0,2026
City Manager 4,253487.0,2026
Code Enforcement Services 1,8772836.0,2026
Communications & Engagement 5,-42625.0,2026
Compliance Opportunity and Access 2,-500799.0,2026
311 Customer Service 5,-59318.0,2026
Economic Development 1,-2655402.0,2026
Finance 1,-728090.0,2026
Fire 4,8995.0,2026
Government Affairs 1,480127.0,2026
Health 4,-4394319.0,2026
Historic Preservation 3,-179051.0,2026
Human Resources 9,-399386.0,2026
Human Services 3,5132.0,2026
Innovation 1,-182855.0,2026
Integrated Community Safety Office 1,531851.0,2026
Library 5,-634234.0,2026
Mayor & Council 1,7134353.0,2026
Military & Veterans Affairs 7,-6883.0,2026
Municipal Court 1,4276117.0,2026
Municipal Elections 2,-3984.0,2026
Neighborhood & Housing Services 2,-702976.0,2026
Parks & Recreation 7,76931.0,2026
Planning 4,-134862.0,2026
Police 6,165873.0,2026
Parks Police 2,4823175.0,2026
Public Works 1,-3534803.0,2026
Transportation 2,100984.0,2026
Agencies 2,-3065173.0,2026
Non-Departmental/Non-Operating 2,-604092.0,2026
World Heritage 2,-15515.0,2026
Transfers 1,973461.0,2026
TOTAL APPROPRIATIONS $ 1,353695.0,2026
Reserve for Community Safety 3,80000.0,2026
Reserve for Fire CBA 7,230283.0,2026
ENDING BALANCE,-2361151.0,2026
Animal Care Services,33811139.0,2026
Code Enforcement Services,19157707.0,2026
Economic Development,998738576.0,2026
Fire,28480486.0,2026
Health,6675714.0,2026
Police,632032094.0,2026
Public Works,116233075.0,2026
Agencies,22051503.0,2026
City Attorney,12323982.0,2026
City Clerk,6604191.0,2026
City Manager,4335998.0,2026
Compliance Opportunity and Access,429360087.0,2026
311 Customer Service,287762937.0,2026
Finance,996256979.0,2026
Government Affairs,471407399.0,2026
Historic Preservation,915494567.0,2026
Pollution Control Property,92412629.0,2026
Homeless Services and Strategy 0 0 0,4639692.0,2026
Low Income Housing,180221890.0,2026
Human Resources,9695009.0,2026
Human Services,31175700.0,2026
Community Housing Development Organization,233134241.0,2026
Innovation,1550983.0,2026
Integrated Community Safety Office,3775638.0,2026
Library,604760.0,2026
Mayor & Council,117293912.0,2026
Military & Veterans Affairs,803530.0,2026
Municipal Court,14556230.0,2026
Neighborhood & Housing Services,24605596.0,2026
Planning,4419470.0,2026
Parks Police,20429272.0,2026
Transportation,1960805.0,2026
Non-Departmental/Non-Operating,21150.0,2026
World Heritage,3172213.0,2026
City Payment - Capital Reserve Fund,54159.0,2026
Transfers,6973461.0,2026
Transfer to ARPA Program,91944650.0,2026
Less Delinquencies,12527136.0,2026
Reserve for Metro Health SA Forward,4327578.0,2026
Reserve for Community Safety,3080000.0,2026
G.O. Debt Service Fund,302679041.0,2026
NET ENDING BALANCE,-2361151.0,2026
